dataset_name,nl,n,clf,svm_gamma,reg,acc_mean,acc_std
circles,0.0,10,log_reg,,0.01,0.4000,0.4899
circles,0.0,10,log_reg,,0.1,0.4000,0.4899
circles,0.0,10,log_reg,,1.0,0.4000,0.4899
circles,0.0,10,log_reg,,10.0,0.4000,0.4899
circles,0.0,10,log_reg,,100.0,0.4000,0.4899
circles,0.0,10,svm,0.001,1.0,0.6000,0.4899
circles,0.0,10,svm,0.01,1.0,0.6000,0.4899
circles,0.0,10,svm,0.1,1.0,0.6000,0.4899
circles,0.0,10,svm,1.0,1.0,0.4000,0.4899
circles,0.0,10,svm,10.0,1.0,0.7000,0.4583
circles,0.0,10,svm,100.0,1.0,0.6000,0.4899
circles,0.0,10,svm,1000.0,1.0,0.6000,0.4899
circles,0.0,10,svm,10000.0,1.0,0.6000,0.4899
circles,0.0,10,svm,100000.0,1.0,0.6000,0.4899
circles,0.0,10,svm,1000000.0,1.0,0.6000,0.4899
circles,0.0,50,log_reg,,0.01,0.5200,0.1600
circles,0.0,50,log_reg,,0.1,0.5200,0.1600
circles,0.0,50,log_reg,,1.0,0.5200,0.1600
circles,0.0,50,log_reg,,10.0,0.5200,0.1600
circles,0.0,50,log_reg,,100.0,0.5200,0.1600
circles,0.0,50,svm,0.001,1.0,0.3600,0.1960
circles,0.0,50,svm,0.01,1.0,0.3600,0.1960
circles,0.0,50,svm,0.1,1.0,0.4400,0.1960
circles,0.0,50,svm,1.0,1.0,0.6200,0.1400
circles,0.0,50,svm,10.0,1.0,0.8200,0.1661
circles,0.0,50,svm,100.0,1.0,0.8200,0.1661
circles,0.0,50,svm,1000.0,1.0,0.5200,0.1833
circles,0.0,50,svm,10000.0,1.0,0.4200,0.1661
circles,0.0,50,svm,100000.0,1.0,0.4000,0.1789
circles,0.0,50,svm,1000000.0,1.0,0.3600,0.1960
circles,0.0,100,log_reg,,0.01,0.4800,0.1249
circles,0.0,100,log_reg,,0.1,0.4800,0.1249
circles,0.0,100,log_reg,,1.0,0.4800,0.1249
circles,0.0,100,log_reg,,10.0,0.4800,0.1249
circles,0.0,100,log_reg,,100.0,0.4800,0.1249
circles,0.0,100,svm,0.001,1.0,0.5400,0.1497
circles,0.0,100,svm,0.01,1.0,0.5400,0.1497
circles,0.0,100,svm,0.1,1.0,0.4500,0.0922
circles,0.0,100,svm,1.0,1.0,1.0000,0.0000
circles,0.0,100,svm,10.0,1.0,0.9900,0.0300
circles,0.0,100,svm,100.0,1.0,0.9400,0.0663
circles,0.0,100,svm,1000.0,1.0,0.7800,0.1249
circles,0.0,100,svm,10000.0,1.0,0.6200,0.1661
circles,0.0,100,svm,100000.0,1.0,0.5400,0.1497
circles,0.0,100,svm,1000000.0,1.0,0.5400,0.1497
circles,0.0,1000,log_reg,,0.01,0.4990,0.0446
circles,0.0,1000,log_reg,,0.1,0.4990,0.0446
circles,0.0,1000,log_reg,,1.0,0.4990,0.0446
circles,0.0,1000,log_reg,,10.0,0.4990,0.0446
circles,0.0,1000,log_reg,,100.0,0.4990,0.0446
circles,0.0,1000,svm,0.001,1.0,0.4690,0.0266
circles,0.0,1000,svm,0.01,1.0,0.4690,0.0266
circles,0.0,1000,svm,0.1,1.0,0.7830,0.0767
circles,0.0,1000,svm,1.0,1.0,1.0000,0.0000
circles,0.0,1000,svm,10.0,1.0,1.0000,0.0000
circles,0.0,1000,svm,100.0,1.0,1.0000,0.0000
circles,0.0,1000,svm,1000.0,1.0,1.0000,0.0000
circles,0.0,1000,svm,10000.0,1.0,0.9790,0.0181
circles,0.0,1000,svm,100000.0,1.0,0.8210,0.0493
circles,0.0,1000,svm,1000000.0,1.0,0.6120,0.0660
circles,0.0,10000,log_reg,,0.01,0.4735,0.0503
circles,0.0,10000,log_reg,,0.1,0.4735,0.0503
circles,0.0,10000,log_reg,,1.0,0.4735,0.0503
circles,0.0,10000,log_reg,,10.0,0.4735,0.0503
circles,0.0,10000,log_reg,,100.0,0.4735,0.0503
circles,0.0,10000,svm,0.001,1.0,0.4843,0.0081
circles,0.0,10000,svm,0.01,1.0,0.4877,0.0147
circles,0.0,10000,svm,0.1,1.0,1.0000,0.0000
circles,0.0,10000,svm,1.0,1.0,1.0000,0.0000
circles,0.0,10000,svm,10.0,1.0,1.0000,0.0000
circles,0.0,10000,svm,100.0,1.0,1.0000,0.0000
circles,0.0,10000,svm,1000.0,1.0,1.0000,0.0000
circles,0.0,10000,svm,10000.0,1.0,1.0000,0.0000
circles,0.0,10000,svm,100000.0,1.0,1.0000,0.0000
circles,0.0,10000,svm,1000000.0,1.0,0.9966,0.0018
circles,0.1,10,log_reg,,0.01,0.6000,0.4899
circles,0.1,10,log_reg,,0.1,0.6000,0.4899
circles,0.1,10,log_reg,,1.0,0.6000,0.4899
circles,0.1,10,log_reg,,10.0,0.6000,0.4899
circles,0.1,10,log_reg,,100.0,0.6000,0.4899
circles,0.1,10,svm,0.001,1.0,0.0000,0.0000
circles,0.1,10,svm,0.01,1.0,0.0000,0.0000
circles,0.1,10,svm,0.1,1.0,0.0000,0.0000
circles,0.1,10,svm,1.0,1.0,0.6000,0.4899
circles,0.1,10,svm,10.0,1.0,0.6000,0.4899
circles,0.1,10,svm,100.0,1.0,0.1000,0.3000
circles,0.1,10,svm,1000.0,1.0,0.0000,0.0000
circles,0.1,10,svm,10000.0,1.0,0.0000,0.0000
circles,0.1,10,svm,100000.0,1.0,0.0000,0.0000
circles,0.1,10,svm,1000000.0,1.0,0.0000,0.0000
circles,0.1,50,log_reg,,0.01,0.4600,0.2010
circles,0.1,50,log_reg,,0.1,0.4600,0.2010
circles,0.1,50,log_reg,,1.0,0.4600,0.2010
circles,0.1,50,log_reg,,10.0,0.4600,0.2010
circles,0.1,50,log_reg,,100.0,0.4600,0.2010
circles,0.1,50,svm,0.001,1.0,0.2600,0.2010
circles,0.1,50,svm,0.01,1.0,0.2600,0.2010
circles,0.1,50,svm,0.1,1.0,0.3800,0.2088
circles,0.1,50,svm,1.0,1.0,0.5600,0.2154
circles,0.1,50,svm,10.0,1.0,0.7200,0.2040
circles,0.1,50,svm,100.0,1.0,0.5200,0.1600
circles,0.1,50,svm,1000.0,1.0,0.3400,0.2010
circles,0.1,50,svm,10000.0,1.0,0.3000,0.2049
circles,0.1,50,svm,100000.0,1.0,0.2600,0.2010
circles,0.1,50,svm,1000000.0,1.0,0.2600,0.2010
circles,0.1,100,log_reg,,0.01,0.5600,0.1497
circles,0.1,100,log_reg,,0.1,0.5600,0.1497
circles,0.1,100,log_reg,,1.0,0.5600,0.1497
circles,0.1,100,log_reg,,10.0,0.5600,0.1497
circles,0.1,100,log_reg,,100.0,0.5600,0.1497
circles,0.1,100,svm,0.001,1.0,0.5800,0.1536
circles,0.1,100,svm,0.01,1.0,0.5800,0.1536
circles,0.1,100,svm,0.1,1.0,0.5800,0.1536
circles,0.1,100,svm,1.0,1.0,0.7600,0.1960
circles,0.1,100,svm,10.0,1.0,0.7600,0.1744
circles,0.1,100,svm,100.0,1.0,0.6900,0.1513
circles,0.1,100,svm,1000.0,1.0,0.5800,0.1400
circles,0.1,100,svm,10000.0,1.0,0.5800,0.1536
circles,0.1,100,svm,100000.0,1.0,0.5800,0.1536
circles,0.1,100,svm,1000000.0,1.0,0.5800,0.1536
circles,0.1,1000,log_reg,,0.01,0.5020,0.0232
circles,0.1,1000,log_reg,,0.1,0.5020,0.0232
circles,0.1,1000,log_reg,,1.0,0.5020,0.0232
circles,0.1,1000,log_reg,,10.0,0.5020,0.0232
circles,0.1,1000,log_reg,,100.0,0.5020,0.0232
circles,0.1,1000,svm,0.001,1.0,0.4660,0.0297
circles,0.1,1000,svm,0.01,1.0,0.4610,0.0288
circles,0.1,1000,svm,0.1,1.0,0.8000,0.0542
circles,0.1,1000,svm,1.0,1.0,0.8250,0.0413
circles,0.1,1000,svm,10.0,1.0,0.8150,0.0441
circles,0.1,1000,svm,100.0,1.0,0.8110,0.0386
circles,0.1,1000,svm,1000.0,1.0,0.7440,0.0398
circles,0.1,1000,svm,10000.0,1.0,0.5480,0.0496
circles,0.1,1000,svm,100000.0,1.0,0.4780,0.0402
circles,0.1,1000,svm,1000000.0,1.0,0.4680,0.0293
circles,0.1,10000,log_reg,,0.01,0.4725,0.0240
circles,0.1,10000,log_reg,,0.1,0.4725,0.0240
circles,0.1,10000,log_reg,,1.0,0.4725,0.0240
circles,0.1,10000,log_reg,,10.0,0.4725,0.0240
circles,0.1,10000,log_reg,,100.0,0.4725,0.0240
circles,0.1,10000,svm,0.001,1.0,0.4842,0.0121
circles,0.1,10000,svm,0.01,1.0,0.5030,0.0436
circles,0.1,10000,svm,0.1,1.0,0.8378,0.0121
circles,0.1,10000,svm,1.0,1.0,0.8373,0.0119
circles,0.1,10000,svm,10.0,1.0,0.8354,0.0124
circles,0.1,10000,svm,100.0,1.0,0.8358,0.0113
circles,0.1,10000,svm,1000.0,1.0,0.8264,0.0097
circles,0.1,10000,svm,10000.0,1.0,0.7602,0.0175
circles,0.1,10000,svm,100000.0,1.0,0.5935,0.0294
circles,0.1,10000,svm,1000000.0,1.0,0.4943,0.0167
circles,0.2,10,log_reg,,0.01,0.4000,0.4899
circles,0.2,10,log_reg,,0.1,0.4000,0.4899
circles,0.2,10,log_reg,,1.0,0.4000,0.4899
circles,0.2,10,log_reg,,10.0,0.4000,0.4899
circles,0.2,10,log_reg,,100.0,0.4000,0.4899
circles,0.2,10,svm,0.001,1.0,0.0000,0.0000
circles,0.2,10,svm,0.01,1.0,0.0000,0.0000
circles,0.2,10,svm,0.1,1.0,0.0000,0.0000
circles,0.2,10,svm,1.0,1.0,0.0000,0.0000
circles,0.2,10,svm,10.0,1.0,0.0000,0.0000
circles,0.2,10,svm,100.0,1.0,0.0000,0.0000
circles,0.2,10,svm,1000.0,1.0,0.0000,0.0000
circles,0.2,10,svm,10000.0,1.0,0.0000,0.0000
circles,0.2,10,svm,100000.0,1.0,0.0000,0.0000
circles,0.2,10,svm,1000000.0,1.0,0.0000,0.0000
circles,0.2,50,log_reg,,0.01,0.5600,0.2154
circles,0.2,50,log_reg,,0.1,0.5600,0.2154
circles,0.2,50,log_reg,,1.0,0.5600,0.2154
circles,0.2,50,log_reg,,10.0,0.5600,0.2154
circles,0.2,50,log_reg,,100.0,0.5600,0.2154
circles,0.2,50,svm,0.001,1.0,0.5400,0.1562
circles,0.2,50,svm,0.01,1.0,0.5400,0.1562
circles,0.2,50,svm,0.1,1.0,0.4800,0.1833
circles,0.2,50,svm,1.0,1.0,0.5400,0.2538
circles,0.2,50,svm,10.0,1.0,0.5600,0.1960
circles,0.2,50,svm,100.0,1.0,0.6200,0.2272
circles,0.2,50,svm,1000.0,1.0,0.5600,0.1960
circles,0.2,50,svm,10000.0,1.0,0.5400,0.1562
circles,0.2,50,svm,100000.0,1.0,0.5400,0.1562
circles,0.2,50,svm,1000000.0,1.0,0.5400,0.1562
circles,0.2,100,log_reg,,0.01,0.5600,0.1428
circles,0.2,100,log_reg,,0.1,0.5600,0.1428
circles,0.2,100,log_reg,,1.0,0.5600,0.1428
circles,0.2,100,log_reg,,10.0,0.5600,0.1428
circles,0.2,100,log_reg,,100.0,0.5600,0.1428
circles,0.2,100,svm,0.001,1.0,0.5700,0.1100
circles,0.2,100,svm,0.01,1.0,0.5700,0.1100
circles,0.2,100,svm,0.1,1.0,0.5600,0.0917
circles,0.2,100,svm,1.0,1.0,0.6400,0.1356
circles,0.2,100,svm,10.0,1.0,0.6800,0.1327
circles,0.2,100,svm,100.0,1.0,0.6600,0.1428
circles,0.2,100,svm,1000.0,1.0,0.5700,0.1187
circles,0.2,100,svm,10000.0,1.0,0.5700,0.1100
circles,0.2,100,svm,100000.0,1.0,0.5700,0.1100
circles,0.2,100,svm,1000000.0,1.0,0.5700,0.1100
circles,0.2,1000,log_reg,,0.01,0.4610,0.0370
circles,0.2,1000,log_reg,,0.1,0.4610,0.0370
circles,0.2,1000,log_reg,,1.0,0.4610,0.0370
circles,0.2,1000,log_reg,,10.0,0.4610,0.0370
circles,0.2,1000,log_reg,,100.0,0.4610,0.0370
circles,0.2,1000,svm,0.001,1.0,0.5100,0.0460
circles,0.2,1000,svm,0.01,1.0,0.5000,0.0427
circles,0.2,1000,svm,0.1,1.0,0.6600,0.0510
circles,0.2,1000,svm,1.0,1.0,0.6690,0.0401
circles,0.2,1000,svm,10.0,1.0,0.6540,0.0335
circles,0.2,1000,svm,100.0,1.0,0.6380,0.0658
circles,0.2,1000,svm,1000.0,1.0,0.5970,0.0551
circles,0.2,1000,svm,10000.0,1.0,0.5290,0.0643
circles,0.2,1000,svm,100000.0,1.0,0.5120,0.0469
circles,0.2,1000,svm,1000000.0,1.0,0.5100,0.0460
circles,0.2,10000,log_reg,,0.01,0.4831,0.0201
circles,0.2,10000,log_reg,,0.1,0.4831,0.0201
circles,0.2,10000,log_reg,,1.0,0.4831,0.0201
circles,0.2,10000,log_reg,,10.0,0.4831,0.0201
circles,0.2,10000,log_reg,,100.0,0.4831,0.0201
circles,0.2,10000,svm,0.001,1.0,0.4878,0.0100
circles,0.2,10000,svm,0.01,1.0,0.5119,0.0302
circles,0.2,10000,svm,0.1,1.0,0.6959,0.0116
circles,0.2,10000,svm,1.0,1.0,0.6922,0.0136
circles,0.2,10000,svm,10.0,1.0,0.6951,0.0113
circles,0.2,10000,svm,100.0,1.0,0.6860,0.0076
circles,0.2,10000,svm,1000.0,1.0,0.6493,0.0098
circles,0.2,10000,svm,10000.0,1.0,0.5904,0.0093
circles,0.2,10000,svm,100000.0,1.0,0.5199,0.0145
circles,0.2,10000,svm,1000000.0,1.0,0.4908,0.0124
circles,0.3,10,log_reg,,0.01,0.8000,0.4000
circles,0.3,10,log_reg,,0.1,0.8000,0.4000
circles,0.3,10,log_reg,,1.0,0.8000,0.4000
circles,0.3,10,log_reg,,10.0,0.8000,0.4000
circles,0.3,10,log_reg,,100.0,0.8000,0.4000
circles,0.3,10,svm,0.001,1.0,0.8000,0.4000
circles,0.3,10,svm,0.01,1.0,0.8000,0.4000
circles,0.3,10,svm,0.1,1.0,0.8000,0.4000
circles,0.3,10,svm,1.0,1.0,0.8000,0.4000
circles,0.3,10,svm,10.0,1.0,0.8000,0.4000
circles,0.3,10,svm,100.0,1.0,0.8000,0.4000
circles,0.3,10,svm,1000.0,1.0,0.8000,0.4000
circles,0.3,10,svm,10000.0,1.0,0.8000,0.4000
circles,0.3,10,svm,100000.0,1.0,0.8000,0.4000
circles,0.3,10,svm,1000000.0,1.0,0.8000,0.4000
circles,0.3,50,log_reg,,0.01,0.4200,0.2750
circles,0.3,50,log_reg,,0.1,0.4200,0.2750
circles,0.3,50,log_reg,,1.0,0.4200,0.2750
circles,0.3,50,log_reg,,10.0,0.4200,0.2750
circles,0.3,50,log_reg,,100.0,0.4200,0.2750
circles,0.3,50,svm,0.001,1.0,0.4200,0.2272
circles,0.3,50,svm,0.01,1.0,0.4200,0.2272
circles,0.3,50,svm,0.1,1.0,0.3200,0.2227
circles,0.3,50,svm,1.0,1.0,0.4200,0.2600
circles,0.3,50,svm,10.0,1.0,0.4800,0.2040
circles,0.3,50,svm,100.0,1.0,0.4600,0.1281
circles,0.3,50,svm,1000.0,1.0,0.4000,0.2000
circles,0.3,50,svm,10000.0,1.0,0.4000,0.2366
circles,0.3,50,svm,100000.0,1.0,0.4200,0.2272
circles,0.3,50,svm,1000000.0,1.0,0.4200,0.2272
circles,0.3,100,log_reg,,0.01,0.5200,0.1470
circles,0.3,100,log_reg,,0.1,0.5200,0.1470
circles,0.3,100,log_reg,,1.0,0.5200,0.1470
circles,0.3,100,log_reg,,10.0,0.5200,0.1470
circles,0.3,100,log_reg,,100.0,0.5200,0.1470
circles,0.3,100,svm,0.001,1.0,0.5400,0.1800
circles,0.3,100,svm,0.01,1.0,0.5400,0.1800
circles,0.3,100,svm,0.1,1.0,0.4300,0.1616
circles,0.3,100,svm,1.0,1.0,0.4600,0.1562
circles,0.3,100,svm,10.0,1.0,0.4800,0.1536
circles,0.3,100,svm,100.0,1.0,0.5000,0.1095
circles,0.3,100,svm,1000.0,1.0,0.5100,0.1578
circles,0.3,100,svm,10000.0,1.0,0.5300,0.1676
circles,0.3,100,svm,100000.0,1.0,0.5400,0.1800
circles,0.3,100,svm,1000000.0,1.0,0.5400,0.1800
circles,0.3,1000,log_reg,,0.01,0.4910,0.0386
circles,0.3,1000,log_reg,,0.1,0.4910,0.0386
circles,0.3,1000,log_reg,,1.0,0.4910,0.0386
circles,0.3,1000,log_reg,,10.0,0.4910,0.0386
circles,0.3,1000,log_reg,,100.0,0.4910,0.0386
circles,0.3,1000,svm,0.001,1.0,0.5160,0.0425
circles,0.3,1000,svm,0.01,1.0,0.5160,0.0425
circles,0.3,1000,svm,0.1,1.0,0.6220,0.0349
circles,0.3,1000,svm,1.0,1.0,0.6220,0.0346
circles,0.3,1000,svm,10.0,1.0,0.6270,0.0352
circles,0.3,1000,svm,100.0,1.0,0.5850,0.0548
circles,0.3,1000,svm,1000.0,1.0,0.5310,0.0524
circles,0.3,1000,svm,10000.0,1.0,0.5070,0.0436
circles,0.3,1000,svm,100000.0,1.0,0.5130,0.0422
circles,0.3,1000,svm,1000000.0,1.0,0.5160,0.0425
circles,0.3,10000,log_reg,,0.01,0.4967,0.0221
circles,0.3,10000,log_reg,,0.1,0.4967,0.0221
circles,0.3,10000,log_reg,,1.0,0.4967,0.0221
circles,0.3,10000,log_reg,,10.0,0.4967,0.0221
circles,0.3,10000,log_reg,,100.0,0.4967,0.0221
circles,0.3,10000,svm,0.001,1.0,0.4896,0.0069
circles,0.3,10000,svm,0.01,1.0,0.5394,0.0209
circles,0.3,10000,svm,0.1,1.0,0.6294,0.0122
circles,0.3,10000,svm,1.0,1.0,0.6297,0.0107
circles,0.3,10000,svm,10.0,1.0,0.6289,0.0106
circles,0.3,10000,svm,100.0,1.0,0.6081,0.0150
circles,0.3,10000,svm,1000.0,1.0,0.5715,0.0134
circles,0.3,10000,svm,10000.0,1.0,0.5391,0.0188
circles,0.3,10000,svm,100000.0,1.0,0.4955,0.0150
circles,0.3,10000,svm,1000000.0,1.0,0.4900,0.0081
circles,0.4,10,log_reg,,0.01,0.1000,0.3000
circles,0.4,10,log_reg,,0.1,0.1000,0.3000
circles,0.4,10,log_reg,,1.0,0.1000,0.3000
circles,0.4,10,log_reg,,10.0,0.1000,0.3000
circles,0.4,10,log_reg,,100.0,0.1000,0.3000
circles,0.4,10,svm,0.001,1.0,0.0000,0.0000
circles,0.4,10,svm,0.01,1.0,0.0000,0.0000
circles,0.4,10,svm,0.1,1.0,0.0000,0.0000
circles,0.4,10,svm,1.0,1.0,0.0000,0.0000
circles,0.4,10,svm,10.0,1.0,0.0000,0.0000
circles,0.4,10,svm,100.0,1.0,0.0000,0.0000
circles,0.4,10,svm,1000.0,1.0,0.0000,0.0000
circles,0.4,10,svm,10000.0,1.0,0.0000,0.0000
circles,0.4,10,svm,100000.0,1.0,0.0000,0.0000
circles,0.4,10,svm,1000000.0,1.0,0.0000,0.0000
circles,0.4,50,log_reg,,0.01,0.6400,0.2154
circles,0.4,50,log_reg,,0.1,0.6400,0.2154
circles,0.4,50,log_reg,,1.0,0.6400,0.2154
circles,0.4,50,log_reg,,10.0,0.6400,0.2154
circles,0.4,50,log_reg,,100.0,0.6400,0.2154
circles,0.4,50,svm,0.001,1.0,0.4000,0.1789
circles,0.4,50,svm,0.01,1.0,0.4000,0.1789
circles,0.4,50,svm,0.1,1.0,0.6600,0.1800
circles,0.4,50,svm,1.0,1.0,0.6800,0.2227
circles,0.4,50,svm,10.0,1.0,0.5600,0.2154
circles,0.4,50,svm,100.0,1.0,0.5800,0.2088
circles,0.4,50,svm,1000.0,1.0,0.4000,0.1789
circles,0.4,50,svm,10000.0,1.0,0.4000,0.1789
circles,0.4,50,svm,100000.0,1.0,0.4000,0.1789
circles,0.4,50,svm,1000000.0,1.0,0.4000,0.1789
circles,0.4,100,log_reg,,0.01,0.5400,0.1428
circles,0.4,100,log_reg,,0.1,0.5400,0.1428
circles,0.4,100,log_reg,,1.0,0.5400,0.1428
circles,0.4,100,log_reg,,10.0,0.5400,0.1428
circles,0.4,100,log_reg,,100.0,0.5400,0.1428
circles,0.4,100,svm,0.001,1.0,0.5400,0.0800
circles,0.4,100,svm,0.01,1.0,0.5400,0.0800
circles,0.4,100,svm,0.1,1.0,0.4700,0.0640
circles,0.4,100,svm,1.0,1.0,0.4600,0.1744
circles,0.4,100,svm,10.0,1.0,0.5300,0.1487
circles,0.4,100,svm,100.0,1.0,0.5600,0.1114
circles,0.4,100,svm,1000.0,1.0,0.5400,0.0917
circles,0.4,100,svm,10000.0,1.0,0.5200,0.0748
circles,0.4,100,svm,100000.0,1.0,0.5400,0.0800
circles,0.4,100,svm,1000000.0,1.0,0.5400,0.0800
circles,0.4,1000,log_reg,,0.01,0.4770,0.0297
circles,0.4,1000,log_reg,,0.1,0.4770,0.0297
circles,0.4,1000,log_reg,,1.0,0.4770,0.0297
circles,0.4,1000,log_reg,,10.0,0.4770,0.0297
circles,0.4,1000,log_reg,,100.0,0.4770,0.0297
circles,0.4,1000,svm,0.001,1.0,0.5160,0.0383
circles,0.4,1000,svm,0.01,1.0,0.5160,0.0383
circles,0.4,1000,svm,0.1,1.0,0.5820,0.0389
circles,0.4,1000,svm,1.0,1.0,0.5820,0.0264
circles,0.4,1000,svm,10.0,1.0,0.5550,0.0364
circles,0.4,1000,svm,100.0,1.0,0.5210,0.0470
circles,0.4,1000,svm,1000.0,1.0,0.5050,0.0614
circles,0.4,1000,svm,10000.0,1.0,0.5140,0.0403
circles,0.4,1000,svm,100000.0,1.0,0.5130,0.0400
circles,0.4,1000,svm,1000000.0,1.0,0.5140,0.0388
circles,0.4,10000,log_reg,,0.01,0.4923,0.0156
circles,0.4,10000,log_reg,,0.1,0.4923,0.0156
circles,0.4,10000,log_reg,,1.0,0.4923,0.0156
circles,0.4,10000,log_reg,,10.0,0.4923,0.0156
circles,0.4,10000,log_reg,,100.0,0.4923,0.0156
circles,0.4,10000,svm,0.001,1.0,0.4894,0.0084
circles,0.4,10000,svm,0.01,1.0,0.5408,0.0195
circles,0.4,10000,svm,0.1,1.0,0.5878,0.0121
circles,0.4,10000,svm,1.0,1.0,0.5870,0.0162
circles,0.4,10000,svm,10.0,1.0,0.5864,0.0150
circles,0.4,10000,svm,100.0,1.0,0.5597,0.0128
circles,0.4,10000,svm,1000.0,1.0,0.5437,0.0138
circles,0.4,10000,svm,10000.0,1.0,0.5221,0.0110
circles,0.4,10000,svm,100000.0,1.0,0.4994,0.0183
circles,0.4,10000,svm,1000000.0,1.0,0.4886,0.0096
circles,0.5,10,log_reg,,0.01,0.5000,0.5000
circles,0.5,10,log_reg,,0.1,0.5000,0.5000
circles,0.5,10,log_reg,,1.0,0.5000,0.5000
circles,0.5,10,log_reg,,10.0,0.5000,0.5000
circles,0.5,10,log_reg,,100.0,0.5000,0.5000
circles,0.5,10,svm,0.001,1.0,0.7000,0.4583
circles,0.5,10,svm,0.01,1.0,0.7000,0.4583
circles,0.5,10,svm,0.1,1.0,0.7000,0.4583
circles,0.5,10,svm,1.0,1.0,0.5000,0.5000
circles,0.5,10,svm,10.0,1.0,0.7000,0.4583
circles,0.5,10,svm,100.0,1.0,0.7000,0.4583
circles,0.5,10,svm,1000.0,1.0,0.7000,0.4583
circles,0.5,10,svm,10000.0,1.0,0.7000,0.4583
circles,0.5,10,svm,100000.0,1.0,0.7000,0.4583
circles,0.5,10,svm,1000000.0,1.0,0.7000,0.4583
circles,0.5,50,log_reg,,0.01,0.5200,0.2561
circles,0.5,50,log_reg,,0.1,0.5200,0.2561
circles,0.5,50,log_reg,,1.0,0.5200,0.2561
circles,0.5,50,log_reg,,10.0,0.5200,0.2561
circles,0.5,50,log_reg,,100.0,0.5200,0.2561
circles,0.5,50,svm,0.001,1.0,0.2800,0.1833
circles,0.5,50,svm,0.01,1.0,0.2800,0.1833
circles,0.5,50,svm,0.1,1.0,0.4800,0.1600
circles,0.5,50,svm,1.0,1.0,0.5200,0.1833
circles,0.5,50,svm,10.0,1.0,0.6800,0.1833
circles,0.5,50,svm,100.0,1.0,0.4400,0.2498
circles,0.5,50,svm,1000.0,1.0,0.2800,0.1833
circles,0.5,50,svm,10000.0,1.0,0.2800,0.1833
circles,0.5,50,svm,100000.0,1.0,0.2800,0.1833
circles,0.5,50,svm,1000000.0,1.0,0.2800,0.1833
circles,0.5,100,log_reg,,0.01,0.5000,0.1183
circles,0.5,100,log_reg,,0.1,0.5000,0.1183
circles,0.5,100,log_reg,,1.0,0.5000,0.1183
circles,0.5,100,log_reg,,10.0,0.5000,0.1183
circles,0.5,100,log_reg,,100.0,0.5000,0.1183
circles,0.5,100,svm,0.001,1.0,0.4400,0.1356
circles,0.5,100,svm,0.01,1.0,0.4400,0.1356
circles,0.5,100,svm,0.1,1.0,0.4800,0.1720
circles,0.5,100,svm,1.0,1.0,0.5600,0.1744
circles,0.5,100,svm,10.0,1.0,0.5900,0.1044
circles,0.5,100,svm,100.0,1.0,0.6000,0.1732
circles,0.5,100,svm,1000.0,1.0,0.4500,0.1500
circles,0.5,100,svm,10000.0,1.0,0.3800,0.1166
circles,0.5,100,svm,100000.0,1.0,0.3900,0.1136
circles,0.5,100,svm,1000000.0,1.0,0.3800,0.1166
circles,0.5,1000,log_reg,,0.01,0.5010,0.0683
circles,0.5,1000,log_reg,,0.1,0.5010,0.0683
circles,0.5,1000,log_reg,,1.0,0.5010,0.0683
circles,0.5,1000,log_reg,,10.0,0.5010,0.0683
circles,0.5,1000,log_reg,,100.0,0.5010,0.0683
circles,0.5,1000,svm,0.001,1.0,0.4980,0.0319
circles,0.5,1000,svm,0.01,1.0,0.5010,0.0330
circles,0.5,1000,svm,0.1,1.0,0.5630,0.0326
circles,0.5,1000,svm,1.0,1.0,0.5660,0.0469
circles,0.5,1000,svm,10.0,1.0,0.5640,0.0508
circles,0.5,1000,svm,100.0,1.0,0.5430,0.0436
circles,0.5,1000,svm,1000.0,1.0,0.5140,0.0432
circles,0.5,1000,svm,10000.0,1.0,0.4950,0.0427
circles,0.5,1000,svm,100000.0,1.0,0.4910,0.0406
circles,0.5,1000,svm,1000000.0,1.0,0.4900,0.0400
circles,0.5,10000,log_reg,,0.01,0.4823,0.0113
circles,0.5,10000,log_reg,,0.1,0.4823,0.0113
circles,0.5,10000,log_reg,,1.0,0.4823,0.0113
circles,0.5,10000,log_reg,,10.0,0.4823,0.0113
circles,0.5,10000,log_reg,,100.0,0.4823,0.0113
circles,0.5,10000,svm,0.001,1.0,0.4912,0.0059
circles,0.5,10000,svm,0.01,1.0,0.5302,0.0194
circles,0.5,10000,svm,0.1,1.0,0.5731,0.0133
circles,0.5,10000,svm,1.0,1.0,0.5740,0.0162
circles,0.5,10000,svm,10.0,1.0,0.5686,0.0076
circles,0.5,10000,svm,100.0,1.0,0.5503,0.0110
circles,0.5,10000,svm,1000.0,1.0,0.5385,0.0140
circles,0.5,10000,svm,10000.0,1.0,0.5364,0.0135
circles,0.5,10000,svm,100000.0,1.0,0.4972,0.0136
circles,0.5,10000,svm,1000000.0,1.0,0.4918,0.0058
moons,0.0,10,log_reg,,0.01,0.6000,0.4899
moons,0.0,10,log_reg,,0.1,0.6000,0.4899
moons,0.0,10,log_reg,,1.0,0.6000,0.4899
moons,0.0,10,log_reg,,10.0,0.6000,0.4899
moons,0.0,10,log_reg,,100.0,0.6000,0.4899
moons,0.0,10,svm,0.001,1.0,0.6000,0.4899
moons,0.0,10,svm,0.01,1.0,0.6000,0.4899
moons,0.0,10,svm,0.1,1.0,0.6000,0.4899
moons,0.0,10,svm,1.0,1.0,0.5000,0.5000
moons,0.0,10,svm,10.0,1.0,1.0000,0.0000
moons,0.0,10,svm,100.0,1.0,0.8000,0.4000
moons,0.0,10,svm,1000.0,1.0,0.6000,0.4899
moons,0.0,10,svm,10000.0,1.0,0.6000,0.4899
moons,0.0,10,svm,100000.0,1.0,0.6000,0.4899
moons,0.0,10,svm,1000000.0,1.0,0.6000,0.4899
moons,0.0,50,log_reg,,0.01,0.8200,0.1661
moons,0.0,50,log_reg,,0.1,0.8200,0.1661
moons,0.0,50,log_reg,,1.0,0.8200,0.1661
moons,0.0,50,log_reg,,10.0,0.8200,0.1661
moons,0.0,50,log_reg,,100.0,0.8200,0.1661
moons,0.0,50,svm,0.001,1.0,0.4600,0.1562
moons,0.0,50,svm,0.01,1.0,0.5000,0.2049
moons,0.0,50,svm,0.1,1.0,0.8200,0.1661
moons,0.0,50,svm,1.0,1.0,1.0000,0.0000
moons,0.0,50,svm,10.0,1.0,1.0000,0.0000
moons,0.0,50,svm,100.0,1.0,0.9000,0.1612
moons,0.0,50,svm,1000.0,1.0,0.8000,0.1789
moons,0.0,50,svm,10000.0,1.0,0.6600,0.1562
moons,0.0,50,svm,100000.0,1.0,0.4600,0.1562
moons,0.0,50,svm,1000000.0,1.0,0.4600,0.1562
moons,0.0,100,log_reg,,0.01,0.8600,0.0917
moons,0.0,100,log_reg,,0.1,0.8600,0.0917
moons,0.0,100,log_reg,,1.0,0.8600,0.0917
moons,0.0,100,log_reg,,10.0,0.8600,0.0917
moons,0.0,100,log_reg,,100.0,0.8600,0.0917
moons,0.0,100,svm,0.001,1.0,0.4700,0.1792
moons,0.0,100,svm,0.01,1.0,0.7600,0.1744
moons,0.0,100,svm,0.1,1.0,0.8300,0.1100
moons,0.0,100,svm,1.0,1.0,1.0000,0.0000
moons,0.0,100,svm,10.0,1.0,1.0000,0.0000
moons,0.0,100,svm,100.0,1.0,1.0000,0.0000
moons,0.0,100,svm,1000.0,1.0,0.8600,0.1281
moons,0.0,100,svm,10000.0,1.0,0.6800,0.1077
moons,0.0,100,svm,100000.0,1.0,0.4800,0.0872
moons,0.0,100,svm,1000000.0,1.0,0.4300,0.0640
moons,0.0,1000,log_reg,,0.01,0.8900,0.0265
moons,0.0,1000,log_reg,,0.1,0.8900,0.0265
moons,0.0,1000,log_reg,,1.0,0.8900,0.0265
moons,0.0,1000,log_reg,,10.0,0.8900,0.0265
moons,0.0,1000,log_reg,,100.0,0.8900,0.0265
moons,0.0,1000,svm,0.001,1.0,0.8040,0.0393
moons,0.0,1000,svm,0.01,1.0,0.8540,0.0375
moons,0.0,1000,svm,0.1,1.0,0.8980,0.0260
moons,0.0,1000,svm,1.0,1.0,1.0000,0.0000
moons,0.0,1000,svm,10.0,1.0,1.0000,0.0000
moons,0.0,1000,svm,100.0,1.0,1.0000,0.0000
moons,0.0,1000,svm,1000.0,1.0,1.0000,0.0000
moons,0.0,1000,svm,10000.0,1.0,1.0000,0.0000
moons,0.0,1000,svm,100000.0,1.0,0.8990,0.0288
moons,0.0,1000,svm,1000000.0,1.0,0.6810,0.0509
moons,0.0,10000,log_reg,,0.01,0.8932,0.0107
moons,0.0,10000,log_reg,,0.1,0.8932,0.0107
moons,0.0,10000,log_reg,,1.0,0.8932,0.0107
moons,0.0,10000,log_reg,,10.0,0.8932,0.0107
moons,0.0,10000,log_reg,,100.0,0.8932,0.0107
moons,0.0,10000,svm,0.001,1.0,0.8599,0.0103
moons,0.0,10000,svm,0.01,1.0,0.8803,0.0102
moons,0.0,10000,svm,0.1,1.0,1.0000,0.0000
moons,0.0,10000,svm,1.0,1.0,1.0000,0.0000
moons,0.0,10000,svm,10.0,1.0,1.0000,0.0000
moons,0.0,10000,svm,100.0,1.0,1.0000,0.0000
moons,0.0,10000,svm,1000.0,1.0,1.0000,0.0000
moons,0.0,10000,svm,10000.0,1.0,1.0000,0.0000
moons,0.0,10000,svm,100000.0,1.0,1.0000,0.0000
moons,0.0,10000,svm,1000000.0,1.0,1.0000,0.0000
moons,0.1,10,log_reg,,0.01,0.5000,0.5000
moons,0.1,10,log_reg,,0.1,0.5000,0.5000
moons,0.1,10,log_reg,,1.0,0.5000,0.5000
moons,0.1,10,log_reg,,10.0,0.5000,0.5000
moons,0.1,10,log_reg,,100.0,0.5000,0.5000
moons,0.1,10,svm,0.001,1.0,0.0000,0.0000
moons,0.1,10,svm,0.01,1.0,0.0000,0.0000
moons,0.1,10,svm,0.1,1.0,0.0000,0.0000
moons,0.1,10,svm,1.0,1.0,1.0000,0.0000
moons,0.1,10,svm,10.0,1.0,1.0000,0.0000
moons,0.1,10,svm,100.0,1.0,0.2000,0.4000
moons,0.1,10,svm,1000.0,1.0,0.0000,0.0000
moons,0.1,10,svm,10000.0,1.0,0.0000,0.0000
moons,0.1,10,svm,100000.0,1.0,0.0000,0.0000
moons,0.1,10,svm,1000000.0,1.0,0.0000,0.0000
moons,0.1,50,log_reg,,0.01,0.8600,0.1281
moons,0.1,50,log_reg,,0.1,0.8600,0.1281
moons,0.1,50,log_reg,,1.0,0.8600,0.1281
moons,0.1,50,log_reg,,10.0,0.8600,0.1281
moons,0.1,50,log_reg,,100.0,0.8600,0.1281
moons,0.1,50,svm,0.001,1.0,0.6200,0.1400
moons,0.1,50,svm,0.01,1.0,0.6200,0.1400
moons,0.1,50,svm,0.1,1.0,0.8600,0.1281
moons,0.1,50,svm,1.0,1.0,0.9600,0.0800
moons,0.1,50,svm,10.0,1.0,1.0000,0.0000
moons,0.1,50,svm,100.0,1.0,0.8000,0.1265
moons,0.1,50,svm,1000.0,1.0,0.6200,0.1400
moons,0.1,50,svm,10000.0,1.0,0.6200,0.1400
moons,0.1,50,svm,100000.0,1.0,0.6200,0.1400
moons,0.1,50,svm,1000000.0,1.0,0.6200,0.1400
moons,0.1,100,log_reg,,0.01,0.8900,0.0700
moons,0.1,100,log_reg,,0.1,0.8900,0.0700
moons,0.1,100,log_reg,,1.0,0.8900,0.0700
moons,0.1,100,log_reg,,10.0,0.8900,0.0700
moons,0.1,100,log_reg,,100.0,0.8900,0.0700
moons,0.1,100,svm,0.001,1.0,0.6500,0.1432
moons,0.1,100,svm,0.01,1.0,0.7500,0.1962
moons,0.1,100,svm,0.1,1.0,0.8800,0.0748
moons,0.1,100,svm,1.0,1.0,0.9800,0.0400
moons,0.1,100,svm,10.0,1.0,1.0000,0.0000
moons,0.1,100,svm,100.0,1.0,0.8700,0.1100
moons,0.1,100,svm,1000.0,1.0,0.6500,0.1432
moons,0.1,100,svm,10000.0,1.0,0.6500,0.1432
moons,0.1,100,svm,100000.0,1.0,0.6500,0.1432
moons,0.1,100,svm,1000000.0,1.0,0.6500,0.1432
moons,0.1,1000,log_reg,,0.01,0.8780,0.0428
moons,0.1,1000,log_reg,,0.1,0.8780,0.0428
moons,0.1,1000,log_reg,,1.0,0.8780,0.0428
moons,0.1,1000,log_reg,,10.0,0.8780,0.0428
moons,0.1,1000,log_reg,,100.0,0.8780,0.0428
moons,0.1,1000,svm,0.001,1.0,0.7940,0.0480
moons,0.1,1000,svm,0.01,1.0,0.8570,0.0420
moons,0.1,1000,svm,0.1,1.0,0.8940,0.0443
moons,0.1,1000,svm,1.0,1.0,0.9960,0.0092
moons,0.1,1000,svm,10.0,1.0,0.9990,0.0030
moons,0.1,1000,svm,100.0,1.0,0.9990,0.0030
moons,0.1,1000,svm,1000.0,1.0,0.9610,0.0202
moons,0.1,1000,svm,10000.0,1.0,0.6640,0.0683
moons,0.1,1000,svm,100000.0,1.0,0.5430,0.0780
moons,0.1,1000,svm,1000000.0,1.0,0.5180,0.0741
moons,0.1,10000,log_reg,,0.01,0.8820,0.0079
moons,0.1,10000,log_reg,,0.1,0.8820,0.0079
moons,0.1,10000,log_reg,,1.0,0.8820,0.0079
moons,0.1,10000,log_reg,,10.0,0.8820,0.0079
moons,0.1,10000,log_reg,,100.0,0.8820,0.0079
moons,0.1,10000,svm,0.001,1.0,0.8575,0.0106
moons,0.1,10000,svm,0.01,1.0,0.8786,0.0085
moons,0.1,10000,svm,0.1,1.0,0.9682,0.0047
moons,0.1,10000,svm,1.0,1.0,0.9994,0.0005
moons,0.1,10000,svm,10.0,1.0,0.9998,0.0004
moons,0.1,10000,svm,100.0,1.0,0.9994,0.0007
moons,0.1,10000,svm,1000.0,1.0,0.9983,0.0010
moons,0.1,10000,svm,10000.0,1.0,0.9788,0.0067
moons,0.1,10000,svm,100000.0,1.0,0.7411,0.0256
moons,0.1,10000,svm,1000000.0,1.0,0.5250,0.0150
moons,0.2,10,log_reg,,0.01,0.9000,0.3000
moons,0.2,10,log_reg,,0.1,0.9000,0.3000
moons,0.2,10,log_reg,,1.0,0.9000,0.3000
moons,0.2,10,log_reg,,10.0,0.9000,0.3000
moons,0.2,10,log_reg,,100.0,0.9000,0.3000
moons,0.2,10,svm,0.001,1.0,0.6000,0.4899
moons,0.2,10,svm,0.01,1.0,0.6000,0.4899
moons,0.2,10,svm,0.1,1.0,0.6000,0.4899
moons,0.2,10,svm,1.0,1.0,0.8000,0.4000
moons,0.2,10,svm,10.0,1.0,0.7000,0.4583
moons,0.2,10,svm,100.0,1.0,0.6000,0.4899
moons,0.2,10,svm,1000.0,1.0,0.6000,0.4899
moons,0.2,10,svm,10000.0,1.0,0.6000,0.4899
moons,0.2,10,svm,100000.0,1.0,0.6000,0.4899
moons,0.2,10,svm,1000000.0,1.0,0.6000,0.4899
moons,0.2,50,log_reg,,0.01,0.8600,0.0917
moons,0.2,50,log_reg,,0.1,0.8600,0.0917
moons,0.2,50,log_reg,,1.0,0.8600,0.0917
moons,0.2,50,log_reg,,10.0,0.8600,0.0917
moons,0.2,50,log_reg,,100.0,0.8600,0.0917
moons,0.2,50,svm,0.001,1.0,0.6000,0.2000
moons,0.2,50,svm,0.01,1.0,0.6400,0.2332
moons,0.2,50,svm,0.1,1.0,0.8400,0.1200
moons,0.2,50,svm,1.0,1.0,0.9400,0.0917
moons,0.2,50,svm,10.0,1.0,0.9400,0.0917
moons,0.2,50,svm,100.0,1.0,0.7600,0.1497
moons,0.2,50,svm,1000.0,1.0,0.6000,0.2000
moons,0.2,50,svm,10000.0,1.0,0.6000,0.2000
moons,0.2,50,svm,100000.0,1.0,0.6000,0.2000
moons,0.2,50,svm,1000000.0,1.0,0.6000,0.2000
moons,0.2,100,log_reg,,0.01,0.8800,0.0600
moons,0.2,100,log_reg,,0.1,0.8800,0.0600
moons,0.2,100,log_reg,,1.0,0.8800,0.0600
moons,0.2,100,log_reg,,10.0,0.8800,0.0600
moons,0.2,100,log_reg,,100.0,0.8800,0.0600
moons,0.2,100,svm,0.001,1.0,0.5900,0.1375
moons,0.2,100,svm,0.01,1.0,0.8400,0.0917
moons,0.2,100,svm,0.1,1.0,0.8800,0.0600
moons,0.2,100,svm,1.0,1.0,0.9300,0.0900
moons,0.2,100,svm,10.0,1.0,0.9800,0.0400
moons,0.2,100,svm,100.0,1.0,0.8500,0.1118
moons,0.2,100,svm,1000.0,1.0,0.6300,0.1552
moons,0.2,100,svm,10000.0,1.0,0.5900,0.1375
moons,0.2,100,svm,100000.0,1.0,0.5900,0.1375
moons,0.2,100,svm,1000000.0,1.0,0.5900,0.1375
moons,0.2,1000,log_reg,,0.01,0.8760,0.0344
moons,0.2,1000,log_reg,,0.1,0.8760,0.0344
moons,0.2,1000,log_reg,,1.0,0.8760,0.0344
moons,0.2,1000,log_reg,,10.0,0.8760,0.0344
moons,0.2,1000,log_reg,,100.0,0.8760,0.0344
moons,0.2,1000,svm,0.001,1.0,0.8230,0.0293
moons,0.2,1000,svm,0.01,1.0,0.8660,0.0294
moons,0.2,1000,svm,0.1,1.0,0.8850,0.0291
moons,0.2,1000,svm,1.0,1.0,0.9730,0.0110
moons,0.2,1000,svm,10.0,1.0,0.9780,0.0087
moons,0.2,1000,svm,100.0,1.0,0.9720,0.0133
moons,0.2,1000,svm,1000.0,1.0,0.9170,0.0276
moons,0.2,1000,svm,10000.0,1.0,0.5660,0.0408
moons,0.2,1000,svm,100000.0,1.0,0.4890,0.0545
moons,0.2,1000,svm,1000000.0,1.0,0.4590,0.0394
moons,0.2,10000,log_reg,,0.01,0.8709,0.0085
moons,0.2,10000,log_reg,,0.1,0.8709,0.0085
moons,0.2,10000,log_reg,,1.0,0.8709,0.0085
moons,0.2,10000,log_reg,,10.0,0.8709,0.0085
moons,0.2,10000,log_reg,,100.0,0.8709,0.0085
moons,0.2,10000,svm,0.001,1.0,0.8544,0.0101
moons,0.2,10000,svm,0.01,1.0,0.8703,0.0092
moons,0.2,10000,svm,0.1,1.0,0.9256,0.0065
moons,0.2,10000,svm,1.0,1.0,0.9679,0.0043
moons,0.2,10000,svm,10.0,1.0,0.9679,0.0053
moons,0.2,10000,svm,100.0,1.0,0.9674,0.0040
moons,0.2,10000,svm,1000.0,1.0,0.9616,0.0034
moons,0.2,10000,svm,10000.0,1.0,0.9214,0.0117
moons,0.2,10000,svm,100000.0,1.0,0.6284,0.0195
moons,0.2,10000,svm,1000000.0,1.0,0.5059,0.0081
moons,0.3,10,log_reg,,0.01,0.9000,0.3000
moons,0.3,10,log_reg,,0.1,0.9000,0.3000
moons,0.3,10,log_reg,,1.0,0.9000,0.3000
moons,0.3,10,log_reg,,10.0,0.9000,0.3000
moons,0.3,10,log_reg,,100.0,0.9000,0.3000
moons,0.3,10,svm,0.001,1.0,0.0000,0.0000
moons,0.3,10,svm,0.01,1.0,0.0000,0.0000
moons,0.3,10,svm,0.1,1.0,0.9000,0.3000
moons,0.3,10,svm,1.0,1.0,0.9000,0.3000
moons,0.3,10,svm,10.0,1.0,0.4000,0.4899
moons,0.3,10,svm,100.0,1.0,0.0000,0.0000
moons,0.3,10,svm,1000.0,1.0,0.0000,0.0000
moons,0.3,10,svm,10000.0,1.0,0.0000,0.0000
moons,0.3,10,svm,100000.0,1.0,0.0000,0.0000
moons,0.3,10,svm,1000000.0,1.0,0.0000,0.0000
moons,0.3,50,log_reg,,0.01,0.9600,0.0800
moons,0.3,50,log_reg,,0.1,0.9600,0.0800
moons,0.3,50,log_reg,,1.0,0.9600,0.0800
moons,0.3,50,log_reg,,10.0,0.9600,0.0800
moons,0.3,50,log_reg,,100.0,0.9600,0.0800
moons,0.3,50,svm,0.001,1.0,0.5800,0.1887
moons,0.3,50,svm,0.01,1.0,0.8400,0.1497
moons,0.3,50,svm,0.1,1.0,0.9600,0.0800
moons,0.3,50,svm,1.0,1.0,0.9600,0.0800
moons,0.3,50,svm,10.0,1.0,0.9000,0.1342
moons,0.3,50,svm,100.0,1.0,0.6600,0.1800
moons,0.3,50,svm,1000.0,1.0,0.5800,0.1887
moons,0.3,50,svm,10000.0,1.0,0.5800,0.1887
moons,0.3,50,svm,100000.0,1.0,0.5800,0.1887
moons,0.3,50,svm,1000000.0,1.0,0.5800,0.1887
moons,0.3,100,log_reg,,0.01,0.9400,0.0490
moons,0.3,100,log_reg,,0.1,0.9400,0.0490
moons,0.3,100,log_reg,,1.0,0.9400,0.0490
moons,0.3,100,log_reg,,10.0,0.9400,0.0490
moons,0.3,100,log_reg,,100.0,0.9400,0.0490
moons,0.3,100,svm,0.001,1.0,0.5400,0.1685
moons,0.3,100,svm,0.01,1.0,0.9000,0.0632
moons,0.3,100,svm,0.1,1.0,0.9400,0.0490
moons,0.3,100,svm,1.0,1.0,0.9400,0.0490
moons,0.3,100,svm,10.0,1.0,0.9400,0.0490
moons,0.3,100,svm,100.0,1.0,0.7800,0.1536
moons,0.3,100,svm,1000.0,1.0,0.5000,0.1342
moons,0.3,100,svm,10000.0,1.0,0.4700,0.1487
moons,0.3,100,svm,100000.0,1.0,0.4700,0.1487
moons,0.3,100,svm,1000000.0,1.0,0.4700,0.1487
moons,0.3,1000,log_reg,,0.01,0.8490,0.0330
moons,0.3,1000,log_reg,,0.1,0.8490,0.0330
moons,0.3,1000,log_reg,,1.0,0.8490,0.0330
moons,0.3,1000,log_reg,,10.0,0.8490,0.0330
moons,0.3,1000,log_reg,,100.0,0.8490,0.0330
moons,0.3,1000,svm,0.001,1.0,0.7950,0.0450
moons,0.3,1000,svm,0.01,1.0,0.8380,0.0412
moons,0.3,1000,svm,0.1,1.0,0.8570,0.0300
moons,0.3,1000,svm,1.0,1.0,0.9060,0.0338
moons,0.3,1000,svm,10.0,1.0,0.9030,0.0300
moons,0.3,1000,svm,100.0,1.0,0.9060,0.0206
moons,0.3,1000,svm,1000.0,1.0,0.7890,0.0375
moons,0.3,1000,svm,10000.0,1.0,0.5680,0.0533
moons,0.3,1000,svm,100000.0,1.0,0.4980,0.0502
moons,0.3,1000,svm,1000000.0,1.0,0.4750,0.0486
moons,0.3,10000,log_reg,,0.01,0.8478,0.0094
moons,0.3,10000,log_reg,,0.1,0.8478,0.0094
moons,0.3,10000,log_reg,,1.0,0.8478,0.0094
moons,0.3,10000,log_reg,,10.0,0.8478,0.0094
moons,0.3,10000,log_reg,,100.0,0.8478,0.0094
moons,0.3,10000,svm,0.001,1.0,0.8379,0.0105
moons,0.3,10000,svm,0.01,1.0,0.8471,0.0095
moons,0.3,10000,svm,0.1,1.0,0.8860,0.0072
moons,0.3,10000,svm,1.0,1.0,0.9097,0.0053
moons,0.3,10000,svm,10.0,1.0,0.9098,0.0049
moons,0.3,10000,svm,100.0,1.0,0.9072,0.0053
moons,0.3,10000,svm,1000.0,1.0,0.8942,0.0084
moons,0.3,10000,svm,10000.0,1.0,0.8177,0.0209
moons,0.3,10000,svm,100000.0,1.0,0.5692,0.0289
moons,0.3,10000,svm,1000000.0,1.0,0.4912,0.0101
moons,0.4,10,log_reg,,0.01,0.9000,0.3000
moons,0.4,10,log_reg,,0.1,0.9000,0.3000
moons,0.4,10,log_reg,,1.0,0.9000,0.3000
moons,0.4,10,log_reg,,10.0,0.9000,0.3000
moons,0.4,10,log_reg,,100.0,0.9000,0.3000
moons,0.4,10,svm,0.001,1.0,0.7000,0.4583
moons,0.4,10,svm,0.01,1.0,0.7000,0.4583
moons,0.4,10,svm,0.1,1.0,0.7000,0.4583
moons,0.4,10,svm,1.0,1.0,0.9000,0.3000
moons,0.4,10,svm,10.0,1.0,0.6000,0.4899
moons,0.4,10,svm,100.0,1.0,0.7000,0.4583
moons,0.4,10,svm,1000.0,1.0,0.7000,0.4583
moons,0.4,10,svm,10000.0,1.0,0.7000,0.4583
moons,0.4,10,svm,100000.0,1.0,0.7000,0.4583
moons,0.4,10,svm,1000000.0,1.0,0.7000,0.4583
moons,0.4,50,log_reg,,0.01,0.8000,0.1549
moons,0.4,50,log_reg,,0.1,0.8000,0.1549
moons,0.4,50,log_reg,,1.0,0.8000,0.1549
moons,0.4,50,log_reg,,10.0,0.8000,0.1549
moons,0.4,50,log_reg,,100.0,0.8000,0.1549
moons,0.4,50,svm,0.001,1.0,0.3000,0.1000
moons,0.4,50,svm,0.01,1.0,0.4000,0.2000
moons,0.4,50,svm,0.1,1.0,0.8000,0.1549
moons,0.4,50,svm,1.0,1.0,0.7600,0.1497
moons,0.4,50,svm,10.0,1.0,0.6000,0.2366
moons,0.4,50,svm,100.0,1.0,0.5400,0.2010
moons,0.4,50,svm,1000.0,1.0,0.3000,0.1000
moons,0.4,50,svm,10000.0,1.0,0.3000,0.1000
moons,0.4,50,svm,100000.0,1.0,0.3000,0.1000
moons,0.4,50,svm,1000000.0,1.0,0.3000,0.1000
moons,0.4,100,log_reg,,0.01,0.8200,0.1166
moons,0.4,100,log_reg,,0.1,0.8200,0.1166
moons,0.4,100,log_reg,,1.0,0.8200,0.1166
moons,0.4,100,log_reg,,10.0,0.8200,0.1166
moons,0.4,100,log_reg,,100.0,0.8200,0.1166
moons,0.4,100,svm,0.001,1.0,0.3600,0.0663
moons,0.4,100,svm,0.01,1.0,0.8100,0.1640
moons,0.4,100,svm,0.1,1.0,0.8200,0.1166
moons,0.4,100,svm,1.0,1.0,0.8100,0.1221
moons,0.4,100,svm,10.0,1.0,0.7700,0.1616
moons,0.4,100,svm,100.0,1.0,0.6500,0.1025
moons,0.4,100,svm,1000.0,1.0,0.4100,0.0539
moons,0.4,100,svm,10000.0,1.0,0.3700,0.0781
moons,0.4,100,svm,100000.0,1.0,0.3600,0.0663
moons,0.4,100,svm,1000000.0,1.0,0.3600,0.0663
moons,0.4,1000,log_reg,,0.01,0.8360,0.0393
moons,0.4,1000,log_reg,,0.1,0.8360,0.0393
moons,0.4,1000,log_reg,,1.0,0.8360,0.0393
moons,0.4,1000,log_reg,,10.0,0.8360,0.0393
moons,0.4,1000,log_reg,,100.0,0.8360,0.0393
moons,0.4,1000,svm,0.001,1.0,0.7930,0.0408
moons,0.4,1000,svm,0.01,1.0,0.8250,0.0391
moons,0.4,1000,svm,0.1,1.0,0.8410,0.0430
moons,0.4,1000,svm,1.0,1.0,0.8420,0.0389
moons,0.4,1000,svm,10.0,1.0,0.8540,0.0418
moons,0.4,1000,svm,100.0,1.0,0.8190,0.0534
moons,0.4,1000,svm,1000.0,1.0,0.6740,0.0850
moons,0.4,1000,svm,10000.0,1.0,0.5310,0.0421
moons,0.4,1000,svm,100000.0,1.0,0.4880,0.0260
moons,0.4,1000,svm,1000000.0,1.0,0.4750,0.0238
moons,0.4,10000,log_reg,,0.01,0.8332,0.0164
moons,0.4,10000,log_reg,,0.1,0.8332,0.0164
moons,0.4,10000,log_reg,,1.0,0.8332,0.0164
moons,0.4,10000,log_reg,,10.0,0.8332,0.0164
moons,0.4,10000,log_reg,,100.0,0.8332,0.0164
moons,0.4,10000,svm,0.001,1.0,0.8298,0.0157
moons,0.4,10000,svm,0.01,1.0,0.8327,0.0158
moons,0.4,10000,svm,0.1,1.0,0.8537,0.0187
moons,0.4,10000,svm,1.0,1.0,0.8647,0.0180
moons,0.4,10000,svm,10.0,1.0,0.8635,0.0165
moons,0.4,10000,svm,100.0,1.0,0.8585,0.0181
moons,0.4,10000,svm,1000.0,1.0,0.8321,0.0185
moons,0.4,10000,svm,10000.0,1.0,0.7239,0.0231
moons,0.4,10000,svm,100000.0,1.0,0.5307,0.0194
moons,0.4,10000,svm,1000000.0,1.0,0.4927,0.0119
moons,0.5,10,log_reg,,0.01,0.5000,0.5000
moons,0.5,10,log_reg,,0.1,0.5000,0.5000
moons,0.5,10,log_reg,,1.0,0.5000,0.5000
moons,0.5,10,log_reg,,10.0,0.5000,0.5000
moons,0.5,10,log_reg,,100.0,0.5000,0.5000
moons,0.5,10,svm,0.001,1.0,0.6000,0.4899
moons,0.5,10,svm,0.01,1.0,0.6000,0.4899
moons,0.5,10,svm,0.1,1.0,0.4000,0.4899
moons,0.5,10,svm,1.0,1.0,0.4000,0.4899
moons,0.5,10,svm,10.0,1.0,0.4000,0.4899
moons,0.5,10,svm,100.0,1.0,0.6000,0.4899
moons,0.5,10,svm,1000.0,1.0,0.6000,0.4899
moons,0.5,10,svm,10000.0,1.0,0.6000,0.4899
moons,0.5,10,svm,100000.0,1.0,0.6000,0.4899
moons,0.5,10,svm,1000000.0,1.0,0.6000,0.4899
moons,0.5,50,log_reg,,0.01,0.7800,0.1400
moons,0.5,50,log_reg,,0.1,0.7800,0.1400
moons,0.5,50,log_reg,,1.0,0.7800,0.1400
moons,0.5,50,log_reg,,10.0,0.7800,0.1400
moons,0.5,50,log_reg,,100.0,0.7800,0.1400
moons,0.5,50,svm,0.001,1.0,0.5600,0.1744
moons,0.5,50,svm,0.01,1.0,0.5600,0.1960
moons,0.5,50,svm,0.1,1.0,0.7600,0.1744
moons,0.5,50,svm,1.0,1.0,0.7000,0.1844
moons,0.5,50,svm,10.0,1.0,0.6600,0.2200
moons,0.5,50,svm,100.0,1.0,0.5800,0.1661
moons,0.5,50,svm,1000.0,1.0,0.6000,0.2000
moons,0.5,50,svm,10000.0,1.0,0.5800,0.2088
moons,0.5,50,svm,100000.0,1.0,0.5600,0.1744
moons,0.5,50,svm,1000000.0,1.0,0.5600,0.1744
moons,0.5,100,log_reg,,0.01,0.7500,0.1204
moons,0.5,100,log_reg,,0.1,0.7500,0.1204
moons,0.5,100,log_reg,,1.0,0.7500,0.1204
moons,0.5,100,log_reg,,10.0,0.7500,0.1204
moons,0.5,100,log_reg,,100.0,0.7500,0.1204
moons,0.5,100,svm,0.001,1.0,0.5000,0.2098
moons,0.5,100,svm,0.01,1.0,0.7400,0.1281
moons,0.5,100,svm,0.1,1.0,0.7500,0.1360
moons,0.5,100,svm,1.0,1.0,0.7700,0.1418
moons,0.5,100,svm,10.0,1.0,0.7400,0.1114
moons,0.5,100,svm,100.0,1.0,0.4700,0.1005
moons,0.5,100,svm,1000.0,1.0,0.3500,0.1204
moons,0.5,100,svm,10000.0,1.0,0.3800,0.0980
moons,0.5,100,svm,100000.0,1.0,0.3800,0.0980
moons,0.5,100,svm,1000000.0,1.0,0.3800,0.0980
moons,0.5,1000,log_reg,,0.01,0.8090,0.0411
moons,0.5,1000,log_reg,,0.1,0.8090,0.0411
moons,0.5,1000,log_reg,,1.0,0.8090,0.0411
moons,0.5,1000,log_reg,,10.0,0.8090,0.0411
moons,0.5,1000,log_reg,,100.0,0.8090,0.0411
moons,0.5,1000,svm,0.001,1.0,0.7990,0.0404
moons,0.5,1000,svm,0.01,1.0,0.8110,0.0401
moons,0.5,1000,svm,0.1,1.0,0.8070,0.0420
moons,0.5,1000,svm,1.0,1.0,0.8170,0.0410
moons,0.5,1000,svm,10.0,1.0,0.8090,0.0396
moons,0.5,1000,svm,100.0,1.0,0.7740,0.0317
moons,0.5,1000,svm,1000.0,1.0,0.6240,0.0482
moons,0.5,1000,svm,10000.0,1.0,0.5210,0.0453
moons,0.5,1000,svm,100000.0,1.0,0.5140,0.0356
moons,0.5,1000,svm,1000000.0,1.0,0.5140,0.0372
moons,0.5,10000,log_reg,,0.01,0.8120,0.0076
moons,0.5,10000,log_reg,,0.1,0.8120,0.0076
moons,0.5,10000,log_reg,,1.0,0.8120,0.0076
moons,0.5,10000,log_reg,,10.0,0.8120,0.0076
moons,0.5,10000,log_reg,,100.0,0.8120,0.0076
moons,0.5,10000,svm,0.001,1.0,0.8108,0.0084
moons,0.5,10000,svm,0.01,1.0,0.8123,0.0079
moons,0.5,10000,svm,0.1,1.0,0.8246,0.0069
moons,0.5,10000,svm,1.0,1.0,0.8289,0.0063
moons,0.5,10000,svm,10.0,1.0,0.8288,0.0064
moons,0.5,10000,svm,100.0,1.0,0.8218,0.0067
moons,0.5,10000,svm,1000.0,1.0,0.7776,0.0065
moons,0.5,10000,svm,10000.0,1.0,0.6675,0.0146
moons,0.5,10000,svm,100000.0,1.0,0.5176,0.0075
moons,0.5,10000,svm,1000000.0,1.0,0.4892,0.0072
